<?xml version="1.0" encoding="UTF-8"?>
<export version="D">
  <design>
    <source>C:\Users\T-1000\Documents\kicad\PFF_PART2\PFF_PART2.sch</source>
    <date>7/13/2017 11:15:49 PM</date>
    <tool>Eeschema 4.0.6</tool>
    <sheet number="1" name="/" tstamps="/">
      <title_block>
        <title/>
        <company/>
        <rev/>
        <date/>
        <source>PFF_PART2.sch</source>
        <comment number="1" value=""/>
        <comment number="2" value=""/>
        <comment number="3" value=""/>
        <comment number="4" value=""/>
      </title_block>
    </sheet>
  </design>
  <components>
    <comp ref="J1">
      <value>CONN_01X02</value>
      <footprint>Pin_Headers:Pin_Header_Straight_1x02_Pitch2.54mm</footprint>
      <fields>
        <field name="Manufacturer">Harwin</field>
        <field name="Manufacturer P/N">M20-9990245</field>
        <field name="Vendor">Digi-Key</field>
        <field name="Vendor P/N">952-2261-ND</field>
      </fields>
      <libsource lib="conn" part="CONN_01X02"/>
      <sheetpath names="/" tstamps="/"/>
      <tstamp>596798A2</tstamp>
    </comp>
    <comp ref="C1">
      <value>0.01µ_50V</value>
      <footprint>Capacitors_SMD:C_0603</footprint>
      <fields>
        <field name="Manufacturer">Yageo</field>
        <field name="Manufacturer P/N">CC0603KRX7R9BB103</field>
        <field name="Vendor">Digi-Key</field>
        <field name="Vendor P/N">311-1085-1-ND</field>
      </fields>
      <libsource lib="device" part="C"/>
      <sheetpath names="/" tstamps="/"/>
      <tstamp>59679D4C</tstamp>
    </comp>
    <comp ref="R1">
      <value>6.65k</value>
      <footprint>Resistors_SMD:R_0603</footprint>
      <fields>
        <field name="Manufacturer">Yageo</field>
        <field name="Manufacturer P/N">RC0603FR-076K65L</field>
        <field name="Vendor">Digi-Key</field>
        <field name="Vendor P/N">311-6.65KHRCT-ND</field>
      </fields>
      <libsource lib="device" part="R"/>
      <sheetpath names="/" tstamps="/"/>
      <tstamp>59679E87</tstamp>
    </comp>
    <comp ref="RV1">
      <value>10k</value>
      <footprint>Potentiometers:Potentiometer_Trimmer_Bourns_3339H_Horizontal</footprint>
      <fields>
        <field name="Manufacturer">Bourns</field>
        <field name="Manufacturer P/N">3339H-1-103LF</field>
        <field name="Vendor">Digi-Key</field>
        <field name="Vendor P/N">3339H-103LF-ND</field>
      </fields>
      <libsource lib="device" part="POT"/>
      <sheetpath names="/" tstamps="/"/>
      <tstamp>59679EED</tstamp>
    </comp>
    <comp ref="U1">
      <value>LMV321</value>
      <footprint>TO_SOT_Packages_SMD:SOT-23-5</footprint>
      <fields>
        <field name="Manufacturer">STMicroelectronics</field>
        <field name="Manufacturer P/N">LMV321ILT</field>
        <field name="Vendor">Digi-Key</field>
        <field name="Vendor P/N">497-4941-1-ND</field>
      </fields>
      <libsource lib="linear" part="LMV321"/>
      <sheetpath names="/" tstamps="/"/>
      <tstamp>5967A9C7</tstamp>
    </comp>
    <comp ref="C2">
      <value>0.1µ_16V</value>
      <footprint>Capacitors_SMD:C_0603</footprint>
      <fields>
        <field name="Manufacturer">Yageo</field>
        <field name="Manufacturer P/N">CC0603KRX7R7BB104</field>
        <field name="Vendor">Digi-Key</field>
        <field name="Vendor P/N">311-1088-1-ND</field>
      </fields>
      <libsource lib="device" part="C"/>
      <sheetpath names="/" tstamps="/"/>
      <tstamp>5967D5E9</tstamp>
    </comp>
    <comp ref="C3">
      <value>1.0µ_16V</value>
      <footprint>Capacitors_SMD:C_0603</footprint>
      <fields>
        <field name="Manufacturer">Yageo</field>
        <field name="Manufacturer P/N">CC0603KRX7R7BB105</field>
        <field name="Vendor">Digi-Key</field>
        <field name="Vendor P/N">311-1446-1-ND</field>
      </fields>
      <libsource lib="device" part="C"/>
      <sheetpath names="/" tstamps="/"/>
      <tstamp>5967D671</tstamp>
    </comp>
    <comp ref="D2">
      <value>5V</value>
      <footprint>Diodes_SMD:D_SOD-123F</footprint>
      <fields>
        <field name="Manufacturer">Littelfuse</field>
        <field name="Manufacturer P/N">SMF5.0A</field>
        <field name="Vendor">Digi-Key</field>
        <field name="Vendor P/N">F5748CT-ND</field>
      </fields>
      <libsource lib="device" part="D_Zener_ALT"/>
      <sheetpath names="/" tstamps="/"/>
      <tstamp>5967F11B</tstamp>
    </comp>
    <comp ref="D1">
      <value>5V</value>
      <footprint>Diodes_SMD:D_SOD-123F</footprint>
      <fields>
        <field name="Manufacturer">Littelfuse</field>
        <field name="Manufacturer P/N">SMF5.0A</field>
        <field name="Vendor">Digi-Key</field>
        <field name="Vendor P/N">F5748CT-ND</field>
      </fields>
      <libsource lib="device" part="D_Zener_ALT"/>
      <sheetpath names="/" tstamps="/"/>
      <tstamp>59687C32</tstamp>
    </comp>
    <comp ref="D3">
      <value>5V</value>
      <footprint>Diodes_SMD:D_SOD-123F</footprint>
      <fields>
        <field name="Manufacturer">Littelfuse</field>
        <field name="Manufacturer P/N">SMF5.0A</field>
        <field name="Vendor">Digi-Key</field>
        <field name="Vendor P/N">F5748CT-ND</field>
      </fields>
      <libsource lib="device" part="D_Zener_ALT"/>
      <sheetpath names="/" tstamps="/"/>
      <tstamp>59687CAE</tstamp>
    </comp>
    <comp ref="RV2">
      <value>10k</value>
      <footprint>Potentiometers:Potentiometer_Trimmer_Bourns_3339H_Horizontal</footprint>
      <fields>
        <field name="Manufacturer">Bourns</field>
        <field name="Manufacturer P/N">3339H-1-103LF</field>
        <field name="Vendor">Digi-Key</field>
        <field name="Vendor P/N">3339H-103LF-ND</field>
      </fields>
      <libsource lib="device" part="POT"/>
      <sheetpath names="/" tstamps="/"/>
      <tstamp>59687FFD</tstamp>
    </comp>
    <comp ref="J2">
      <value>CONN_01X02</value>
      <footprint>Pin_Headers:Pin_Header_Straight_1x02_Pitch2.54mm</footprint>
      <fields>
        <field name="Manufacturer">Harwin</field>
        <field name="Manufacturer P/N">M20-9990245</field>
        <field name="Vendor">Digi-Key</field>
        <field name="Vendor P/N">952-2261-ND</field>
      </fields>
      <libsource lib="conn" part="CONN_01X02"/>
      <sheetpath names="/" tstamps="/"/>
      <tstamp>596882A1</tstamp>
    </comp>
    <comp ref="J3">
      <value>CONN_01X02</value>
      <footprint>Pin_Headers:Pin_Header_Straight_1x02_Pitch2.54mm</footprint>
      <fields>
        <field name="Manufacturer">Harwin</field>
        <field name="Manufacturer P/N">M20-9990245</field>
        <field name="Vendor">Digi-Key</field>
        <field name="Vendor P/N">952-2261-ND</field>
      </fields>
      <libsource lib="conn" part="CONN_01X02"/>
      <sheetpath names="/" tstamps="/"/>
      <tstamp>59688305</tstamp>
    </comp>
    <comp ref="R2">
      <value>49.9</value>
      <footprint>Resistors_SMD:R_0603</footprint>
      <fields>
        <field name="Manufacturer">Yageo</field>
        <field name="Manufacturer P/N">RC0603FR-0749R9L</field>
        <field name="Vendor">Digi-Key</field>
        <field name="Vendor P/N">311-49.9HRCT-ND</field>
      </fields>
      <libsource lib="device" part="R"/>
      <sheetpath names="/" tstamps="/"/>
      <tstamp>59688AA9</tstamp>
    </comp>
    <comp ref="D4">
      <value>GRN</value>
      <footprint>LEDs:LED_0603</footprint>
      <fields>
        <field name="Manufacturer">Rohm Semiconductor</field>
        <field name="Manufacturer P/N">SML-D12M8WT86</field>
        <field name="Vendor">Digi-Key</field>
        <field name="Vendor P/N">511-1578-1-ND</field>
      </fields>
      <libsource lib="device" part="LED_ALT"/>
      <sheetpath names="/" tstamps="/"/>
      <tstamp>59689CC3</tstamp>
    </comp>
    <comp ref="R3">
      <value>330</value>
      <footprint>Resistors_SMD:R_0603</footprint>
      <fields>
        <field name="Manufacturer">Yageo</field>
        <field name="Manufacturer P/N">RC0603FR-07330RL</field>
        <field name="Vendor">Digi-Key</field>
        <field name="Vendor P/N">311-330HRCT-ND</field>
      </fields>
      <libsource lib="device" part="R"/>
      <sheetpath names="/" tstamps="/"/>
      <tstamp>5968A978</tstamp>
    </comp>
  </components>
  <libparts>
    <libpart lib="device" part="C">
      <description>Unpolarized capacitor</description>
      <footprints>
        <fp>C_*</fp>
      </footprints>
      <fields>
        <field name="Reference">C</field>
        <field name="Value">C</field>
      </fields>
      <pins>
        <pin num="1" name="~" type="passive"/>
        <pin num="2" name="~" type="passive"/>
      </pins>
    </libpart>
    <libpart lib="conn" part="CONN_01X02">
      <description>Connector, single row, 01x02, pin header</description>
      <footprints>
        <fp>Pin_Header_Straight_1X*</fp>
        <fp>Pin_Header_Angled_1X*</fp>
        <fp>Socket_Strip_Straight_1X*</fp>
        <fp>Socket_Strip_Angled_1X*</fp>
      </footprints>
      <fields>
        <field name="Reference">J</field>
        <field name="Value">CONN_01X02</field>
      </fields>
      <pins>
        <pin num="1" name="P1" type="passive"/>
        <pin num="2" name="P2" type="passive"/>
      </pins>
    </libpart>
    <libpart lib="device" part="D_Zener_ALT">
      <description>Zener Diode, alternativ symbol</description>
      <docs>https://en.wikipedia.org/wiki/Zener_diode</docs>
      <footprints>
        <fp>TO-???*</fp>
        <fp>*SingleDiode</fp>
        <fp>*_Diode_*</fp>
        <fp>*SingleDiode*</fp>
        <fp>D_*</fp>
      </footprints>
      <fields>
        <field name="Reference">D</field>
        <field name="Value">D_Zener_ALT</field>
      </fields>
      <pins>
        <pin num="1" name="K" type="passive"/>
        <pin num="2" name="A" type="passive"/>
      </pins>
    </libpart>
    <libpart lib="device" part="LED_ALT">
      <description>LED generic, alternativ symbol</description>
      <footprints>
        <fp>LED*</fp>
      </footprints>
      <fields>
        <field name="Reference">D</field>
        <field name="Value">LED_ALT</field>
      </fields>
      <pins>
        <pin num="1" name="K" type="passive"/>
        <pin num="2" name="A" type="passive"/>
      </pins>
    </libpart>
    <libpart lib="linear" part="LMV321">
      <description>Low-Voltage Rail-to-Rail Output Operational Amplifiers</description>
      <docs>http://www.ti.com/lit/ds/symlink/lmv324.pdf</docs>
      <footprints>
        <fp>SOT-23*</fp>
        <fp>SC-70*</fp>
      </footprints>
      <fields>
        <field name="Reference">U</field>
        <field name="Value">LMV321</field>
        <field name="Footprint">TO_SOT_Packages_SMD:SOT-23-5</field>
      </fields>
      <pins>
        <pin num="1" name="+" type="input"/>
        <pin num="2" name="V-" type="power_in"/>
        <pin num="3" name="-" type="input"/>
        <pin num="4" name="~" type="output"/>
        <pin num="5" name="V+" type="power_in"/>
      </pins>
    </libpart>
    <libpart lib="device" part="POT">
      <description>Potentionmeter</description>
      <fields>
        <field name="Reference">RV</field>
        <field name="Value">POT</field>
      </fields>
      <pins>
        <pin num="1" name="1" type="passive"/>
        <pin num="2" name="2" type="passive"/>
        <pin num="3" name="3" type="passive"/>
      </pins>
    </libpart>
    <libpart lib="device" part="R">
      <description>Resistor</description>
      <footprints>
        <fp>R_*</fp>
        <fp>R_*</fp>
      </footprints>
      <fields>
        <field name="Reference">R</field>
        <field name="Value">R</field>
      </fields>
      <pins>
        <pin num="1" name="~" type="passive"/>
        <pin num="2" name="~" type="passive"/>
      </pins>
    </libpart>
  </libparts>
  <libraries>
    <library logical="device">
      <uri>C:\Program Files\KiCad\share\kicad\library\device.lib</uri>
    </library>
    <library logical="conn">
      <uri>C:\Program Files\KiCad\share\kicad\library\conn.lib</uri>
    </library>
    <library logical="linear">
      <uri>C:\Program Files\KiCad\share\kicad\library\linear.lib</uri>
    </library>
  </libraries>
  <nets>
    <net code="1" name="Net-(RV2-Pad3)">
      <node ref="RV2" pin="3"/>
    </net>
    <net code="2" name="GND">
      <node ref="R3" pin="2"/>
      <node ref="J2" pin="2"/>
      <node ref="J1" pin="2"/>
      <node ref="D3" pin="2"/>
      <node ref="C1" pin="2"/>
      <node ref="D1" pin="2"/>
      <node ref="R1" pin="1"/>
      <node ref="U1" pin="2"/>
      <node ref="C2" pin="2"/>
      <node ref="C3" pin="2"/>
      <node ref="J3" pin="2"/>
      <node ref="D2" pin="2"/>
    </net>
    <net code="3" name="Net-(D4-Pad1)">
      <node ref="D4" pin="1"/>
      <node ref="R3" pin="1"/>
    </net>
    <net code="4" name="+5V">
      <node ref="U1" pin="5"/>
      <node ref="C2" pin="1"/>
      <node ref="C3" pin="1"/>
      <node ref="D2" pin="1"/>
      <node ref="J1" pin="1"/>
      <node ref="D4" pin="2"/>
    </net>
    <net code="5" name="Net-(R2-Pad1)">
      <node ref="RV1" pin="2"/>
      <node ref="R2" pin="1"/>
    </net>
    <net code="6" name="/ANALOG_OUT">
      <node ref="J3" pin="1"/>
      <node ref="U1" pin="4"/>
      <node ref="RV2" pin="2"/>
      <node ref="D3" pin="1"/>
    </net>
    <net code="7" name="Net-(RV1-Pad3)">
      <node ref="RV1" pin="3"/>
    </net>
    <net code="8" name="/ANALOG_IN">
      <node ref="D1" pin="1"/>
      <node ref="RV1" pin="1"/>
      <node ref="J2" pin="1"/>
    </net>
    <net code="9" name="Net-(R1-Pad2)">
      <node ref="U1" pin="3"/>
      <node ref="RV2" pin="1"/>
      <node ref="R1" pin="2"/>
    </net>
    <net code="10" name="/ANALOG_FILT">
      <node ref="R2" pin="2"/>
      <node ref="C1" pin="1"/>
      <node ref="U1" pin="1"/>
    </net>
  </nets>
</export>
